url,label,type,created
https://spotify.com/services,0,legitimate,2025-02-08T09:11:11.259082
https://stackoverflow.com/contact,0,legitimate,2025-02-02T09:11:11.259088
https://github.com,0,legitimate,2025-09-06T09:11:11.259090
https://youtube.com,0,legitimate,2025-09-08T09:11:11.259092
https://facebook.com/about,0,legitimate,2025-07-29T09:11:11.259094
https://github.com/contact,0,legitimate,2025-02-28T09:11:11.259096
https://twitter.com,0,legitimate,2025-12-10T09:11:11.259097
https://microsoft.com,0,legitimate,2025-08-22T09:11:11.259098
https://adobe.com,0,legitimate,2025-01-11T09:11:11.259100
https://youtube.com/services,0,legitimate,2025-06-21T09:11:11.259101
https://adobe.com/products,0,legitimate,2025-09-09T09:11:11.259103
https://oracle.com,0,legitimate,2025-06-24T09:11:11.259104
https://youtube.com/help,0,legitimate,2025-05-26T09:11:11.259105
https://salesforce.com/contact,0,legitimate,2024-12-28T09:11:11.259107
https://paypal.com,0,legitimate,2025-01-27T09:11:11.259108
https://stackoverflow.com/about,0,legitimate,2025-02-01T09:11:11.259109
https://oracle.com,0,legitimate,2025-12-06T09:11:11.259111
https://paypal.com/about,0,legitimate,2025-06-25T09:11:11.259112
https://linkedin.com,0,legitimate,2025-04-16T09:11:11.259113
https://reddit.com/products,0,legitimate,2025-10-14T09:11:11.259115
https://youtube.com/,0,legitimate,2025-09-26T09:11:11.259116
https://salesforce.com/help,0,legitimate,2025-08-12T09:11:11.259117
https://twitter.com/products,0,legitimate,2025-08-21T09:11:11.259119
https://paypal.com/products,0,legitimate,2025-06-16T09:11:11.259120
https://stackoverflow.com/help,0,legitimate,2025-11-29T09:11:11.259122
https://youtube.com,0,legitimate,2025-12-19T09:11:11.259123
https://spotify.com,0,legitimate,2025-03-20T09:11:11.259124
https://amazon.com/services,0,legitimate,2025-03-09T09:11:11.259126
https://facebook.com/about,0,legitimate,2025-07-26T09:11:11.259127
https://google.com/,0,legitimate,2025-01-27T09:11:11.259129
https://stackoverflow.com,0,legitimate,2025-04-06T09:11:11.259130
https://apple.com/services,0,legitimate,2025-05-18T09:11:11.259131
https://wikipedia.org/services,0,legitimate,2025-01-08T09:11:11.259133
https://wikipedia.org,0,legitimate,2025-12-16T09:11:11.259134
https://google.com,0,legitimate,2025-09-03T09:11:11.259135
https://reddit.com/,0,legitimate,2025-02-05T09:11:11.259136
https://netflix.com/services,0,legitimate,2025-11-07T09:11:11.259138
https://netflix.com/,0,legitimate,2025-11-09T09:11:11.259139
https://github.com,0,legitimate,2025-08-20T09:11:11.259140
https://paypal.com/about,0,legitimate,2024-12-24T09:11:11.259142
https://wikipedia.org,0,legitimate,2025-10-01T09:11:11.259143
https://google.com,0,legitimate,2025-03-26T09:11:11.259144
https://salesforce.com/about,0,legitimate,2025-03-04T09:11:11.259146
https://paypal.com/,0,legitimate,2025-08-07T09:11:11.259147
https://linkedin.com/,0,legitimate,2025-03-22T09:11:11.259148
https://stripe.com/,0,legitimate,2025-10-09T09:11:11.259150
https://stripe.com/about,0,legitimate,2025-05-21T09:11:11.259151
https://wikipedia.org,0,legitimate,2025-02-03T09:11:11.259152
https://stripe.com/help,0,legitimate,2025-03-14T09:11:11.259154
https://oracle.com/help,0,legitimate,2025-10-28T09:11:11.259155
https://microsoft.com/services,0,legitimate,2025-01-10T09:11:11.259157
https://stripe.com,0,legitimate,2025-05-31T09:11:11.259158
https://dropbox.com/,0,legitimate,2025-04-22T09:11:11.259160
https://twitter.com,0,legitimate,2025-08-02T09:11:11.259161
https://microsoft.com,0,legitimate,2025-09-30T09:11:11.259162
https://wikipedia.org,0,legitimate,2025-07-27T09:11:11.259163
https://paypal.com/contact,0,legitimate,2025-01-23T09:11:11.259165
https://paypal.com,0,legitimate,2025-07-20T09:11:11.259166
https://stackoverflow.com/contact,0,legitimate,2025-09-14T09:11:11.259168
https://adobe.com/,0,legitimate,2025-11-23T09:11:11.259169
https://adobe.com,0,legitimate,2025-11-19T09:11:11.259170
https://oracle.com/services,0,legitimate,2025-06-15T09:11:11.259172
https://facebook.com/help,0,legitimate,2025-08-29T09:11:11.259173
https://github.com/contact,0,legitimate,2025-06-18T09:11:11.259175
https://github.com/,0,legitimate,2025-11-22T09:11:11.259176
https://reddit.com,0,legitimate,2025-03-14T09:11:11.259177
https://github.com/,0,legitimate,2025-01-15T09:11:11.259179
https://adobe.com/contact,0,legitimate,2025-04-22T09:11:11.259180
https://youtube.com,0,legitimate,2025-02-05T09:11:11.259182
https://stackoverflow.com/about,0,legitimate,2025-06-20T09:11:11.259183
https://linkedin.com,0,legitimate,2025-12-12T09:11:11.259184
https://oracle.com/,0,legitimate,2025-03-15T09:11:11.259186
https://reddit.com,0,legitimate,2025-04-15T09:11:11.259187
https://stripe.com,0,legitimate,2025-04-21T09:11:11.259188
https://paypal.com,0,legitimate,2025-01-18T09:11:11.259189
https://stackoverflow.com,0,legitimate,2025-12-01T09:11:11.259191
https://google.com/,0,legitimate,2025-06-25T09:11:11.259192
https://microsoft.com/help,0,legitimate,2025-07-22T09:11:11.259194
https://reddit.com/contact,0,legitimate,2025-03-11T09:11:11.259195
https://amazon.com/services,0,legitimate,2025-09-23T09:11:11.259196
https://apple.com,0,legitimate,2025-11-05T09:11:11.259198
https://google.com/contact,0,legitimate,2025-06-30T09:11:11.259199
https://dropbox.com/services,0,legitimate,2024-12-27T09:11:11.259200
https://wikipedia.org/products,0,legitimate,2025-05-27T09:11:11.259202
https://facebook.com/contact,0,legitimate,2025-07-15T09:11:11.259203
https://salesforce.com,0,legitimate,2024-12-22T09:11:11.259205
https://adobe.com,0,legitimate,2025-05-25T09:11:11.259206
https://adobe.com,0,legitimate,2025-01-24T09:11:11.259207
https://google.com/products,0,legitimate,2025-12-18T09:11:11.259208
https://stripe.com,0,legitimate,2025-10-19T09:11:11.259210
https://wikipedia.org/products,0,legitimate,2025-11-05T09:11:11.259211
https://youtube.com/products,0,legitimate,2025-01-23T09:11:11.259212
https://apple.com/about,0,legitimate,2025-11-26T09:11:11.259214
https://linkedin.com/about,0,legitimate,2025-09-29T09:11:11.259215
https://wikipedia.org,0,legitimate,2025-11-06T09:11:11.259216
https://apple.com,0,legitimate,2025-02-10T09:11:11.259218
https://facebook.com/,0,legitimate,2025-06-27T09:11:11.259219
https://oracle.com,0,legitimate,2024-12-30T09:11:11.259220
https://netflix.com/products,0,legitimate,2025-12-01T09:11:11.259222
https://spotify.com,0,legitimate,2025-02-24T09:11:11.259223
https://stripe.com/products,0,legitimate,2025-05-21T09:11:11.259224
https://reddit.com/contact,0,legitimate,2025-06-09T09:11:11.259226
https://apple.com/products,0,legitimate,2025-01-25T09:11:11.259227
https://paypal.com/products,0,legitimate,2025-04-02T09:11:11.259228
https://paypal.com/products,0,legitimate,2025-09-30T09:11:11.259230
https://amazon.com,0,legitimate,2025-08-23T09:11:11.259231
https://salesforce.com,0,legitimate,2025-09-12T09:11:11.259232
https://wikipedia.org/products,0,legitimate,2025-08-16T09:11:11.259234
https://salesforce.com/,0,legitimate,2025-04-01T09:11:11.259235
https://oracle.com,0,legitimate,2025-04-04T09:11:11.259237
https://amazon.com/help,0,legitimate,2025-12-19T09:11:11.259238
https://netflix.com/help,0,legitimate,2025-01-06T09:11:11.259239
https://paypal.com/products,0,legitimate,2025-09-20T09:11:11.259241
https://oracle.com,0,legitimate,2024-12-26T09:11:11.259242
https://paypal.com/contact,0,legitimate,2025-02-28T09:11:11.259244
https://microsoft.com/,0,legitimate,2025-02-28T09:11:11.259245
https://paypal.com/products,0,legitimate,2025-10-07T09:11:11.259246
https://facebook.com,0,legitimate,2025-02-17T09:11:11.259248
https://youtube.com/,0,legitimate,2025-07-16T09:11:11.259249
https://wikipedia.org/products,0,legitimate,2025-04-07T09:11:11.259250
https://facebook.com/contact,0,legitimate,2025-10-11T09:11:11.259252
https://facebook.com,0,legitimate,2025-09-14T09:11:11.259253
https://google.com,0,legitimate,2025-08-26T09:11:11.259254
https://paypal.com/services,0,legitimate,2025-06-18T09:11:11.259255
https://stripe.com,0,legitimate,2025-07-23T09:11:11.259257
https://spotify.com,0,legitimate,2025-07-15T09:11:11.259258
https://linkedin.com,0,legitimate,2025-03-17T09:11:11.259259
https://reddit.com/services,0,legitimate,2025-02-07T09:11:11.259260
https://paypal.com/services,0,legitimate,2025-12-08T09:11:11.259262
https://spotify.com,0,legitimate,2025-02-02T09:11:11.259263
https://microsoft.com,0,legitimate,2025-02-06T09:11:11.259264
https://reddit.com/help,0,legitimate,2025-03-21T09:11:11.259266
https://reddit.com/contact,0,legitimate,2025-05-04T09:11:11.259267
https://oracle.com,0,legitimate,2025-03-05T09:11:11.259268
https://paypal.com/products,0,legitimate,2025-11-13T09:11:11.259270
https://youtube.com/,0,legitimate,2025-01-03T09:11:11.259271
https://reddit.com,0,legitimate,2025-09-07T09:11:11.259272
https://youtube.com,0,legitimate,2025-05-20T09:11:11.259274
https://youtube.com/,0,legitimate,2025-09-12T09:11:11.259275
https://dropbox.com,0,legitimate,2025-12-18T09:11:11.259276
https://google.com/services,0,legitimate,2025-05-23T09:11:11.259278
https://amazon.com,0,legitimate,2024-12-23T09:11:11.259279
https://adobe.com/products,0,legitimate,2025-03-19T09:11:11.259280
https://dropbox.com,0,legitimate,2025-09-06T09:11:11.259281
https://adobe.com,0,legitimate,2025-06-08T09:11:11.259283
https://amazon.com/services,0,legitimate,2025-01-18T09:11:11.259284
https://youtube.com,0,legitimate,2025-08-23T09:11:11.259285
https://linkedin.com/contact,0,legitimate,2025-03-26T09:11:11.259286
https://youtube.com,0,legitimate,2025-09-07T09:11:11.259288
https://adobe.com,0,legitimate,2025-06-04T09:11:11.259289
https://facebook.com,0,legitimate,2025-01-10T09:11:11.259290
https://google.com/products,0,legitimate,2025-11-20T09:11:11.259292
https://twitter.com,0,legitimate,2025-10-16T09:11:11.259297
https://adobe.com/about,0,legitimate,2025-03-07T09:11:11.259298
https://netflix.com/,0,legitimate,2025-10-18T09:11:11.259300
https://twitter.com,0,legitimate,2025-04-05T09:11:11.259301
https://stripe.com/about,0,legitimate,2025-06-27T09:11:11.259303
https://linkedin.com/contact,0,legitimate,2025-06-11T09:11:11.259304
https://twitter.com/about,0,legitimate,2025-12-17T09:11:11.259305
https://stackoverflow.com/services,0,legitimate,2025-05-03T09:11:11.259307
https://twitter.com/services,0,legitimate,2025-07-13T09:11:11.259308
https://stripe.com/services,0,legitimate,2025-06-13T09:11:11.259311
https://facebook.com/products,0,legitimate,2025-03-16T09:11:11.259313
https://github.com/contact,0,legitimate,2025-01-26T09:11:11.259314
https://adobe.com/,0,legitimate,2025-06-11T09:11:11.259316
https://netflix.com,0,legitimate,2025-09-25T09:11:11.259317
https://reddit.com/help,0,legitimate,2025-10-02T09:11:11.259318
https://adobe.com/,0,legitimate,2025-11-06T09:11:11.259319
https://reddit.com/help,0,legitimate,2025-04-06T09:11:11.259321
https://amazon.com/products,0,legitimate,2025-03-06T09:11:11.259322
https://wikipedia.org/about,0,legitimate,2025-06-24T09:11:11.259323
https://stackoverflow.com/products,0,legitimate,2025-12-05T09:11:11.259325
https://youtube.com/contact,0,legitimate,2025-09-01T09:11:11.259326
https://paypal.com/services,0,legitimate,2025-01-07T09:11:11.259328
https://dropbox.com,0,legitimate,2025-06-25T09:11:11.259329
https://youtube.com/contact,0,legitimate,2025-08-03T09:11:11.259330
https://facebook.com,0,legitimate,2025-04-14T09:11:11.259332
https://stripe.com/services,0,legitimate,2025-08-27T09:11:11.259333
https://oracle.com,0,legitimate,2025-12-06T09:11:11.259334
https://github.com/products,0,legitimate,2025-10-29T09:11:11.259335
https://spotify.com/help,0,legitimate,2025-12-03T09:11:11.259337
https://dropbox.com/about,0,legitimate,2024-12-23T09:11:11.259338
https://stackoverflow.com,0,legitimate,2025-07-12T09:11:11.259339
https://linkedin.com/contact,0,legitimate,2025-05-21T09:11:11.259341
https://stripe.com/products,0,legitimate,2025-03-02T09:11:11.259342
https://salesforce.com/services,0,legitimate,2025-05-28T09:11:11.259343
https://wikipedia.org/products,0,legitimate,2025-09-04T09:11:11.259345
https://google.com,0,legitimate,2025-07-09T09:11:11.259346
https://apple.com/about,0,legitimate,2025-06-10T09:11:11.259347
https://paypal.com/help,0,legitimate,2025-02-07T09:11:11.259349
https://netflix.com/,0,legitimate,2025-10-05T09:11:11.259350
https://salesforce.com,0,legitimate,2025-05-09T09:11:11.259352
https://dropbox.com,0,legitimate,2025-03-03T09:11:11.259353
https://paypal.com/products,0,legitimate,2025-02-14T09:11:11.259354
https://oracle.com/about,0,legitimate,2025-02-10T09:11:11.259356
https://amazon.com,0,legitimate,2025-09-30T09:11:11.259357
https://amazon.com/products,0,legitimate,2025-10-22T09:11:11.259359
https://dropbox.com,0,legitimate,2025-09-30T09:11:11.259361
https://linkedin.com/services,0,legitimate,2025-06-09T09:11:11.259362
https://linkedin.com/,0,legitimate,2025-12-17T09:11:11.259363
https://youtube.com/about,0,legitimate,2025-06-23T09:11:11.259365
https://linkedin.com/about,0,legitimate,2025-03-07T09:11:11.259366
https://google.com,0,legitimate,2025-10-07T09:11:11.259368
https://apple.com,0,legitimate,2025-04-13T09:11:11.259369
https://wikipedia.org/help,0,legitimate,2025-08-20T09:11:11.259370
https://microsoft.com,0,legitimate,2025-08-06T09:11:11.259371
https://youtube.com,0,legitimate,2025-05-24T09:11:11.259372
https://paypal.com,0,legitimate,2025-02-16T09:11:11.259374
https://github.com/about,0,legitimate,2025-11-28T09:11:11.259375
https://google.com,0,legitimate,2025-01-21T09:11:11.259377
https://reddit.com/products,0,legitimate,2025-06-30T09:11:11.259378
https://reddit.com,0,legitimate,2025-02-15T09:11:11.259379
https://youtube.com,0,legitimate,2025-10-19T09:11:11.259381
https://netflix.com/products,0,legitimate,2025-11-21T09:11:11.259382
https://microsoft.com,0,legitimate,2025-04-26T09:11:11.259383
https://stripe.com,0,legitimate,2025-04-28T09:11:11.259384
https://facebook.com/help,0,legitimate,2025-10-07T09:11:11.259386
https://stackoverflow.com/contact,0,legitimate,2025-03-30T09:11:11.259387
https://google.com,0,legitimate,2025-01-14T09:11:11.259388
https://oracle.com,0,legitimate,2025-02-06T09:11:11.259389
https://dropbox.com/services,0,legitimate,2025-03-05T09:11:11.259391
https://google.com/help,0,legitimate,2025-05-20T09:11:11.259392
https://stripe.com/,0,legitimate,2025-03-27T09:11:11.259393
https://google.com,0,legitimate,2025-01-19T09:11:11.259395
https://linkedin.com/help,0,legitimate,2025-06-08T09:11:11.259396
https://netflix.com/,0,legitimate,2025-02-16T09:11:11.259398
https://wikipedia.org/help,0,legitimate,2025-09-16T09:11:11.259399
https://linkedin.com,0,legitimate,2025-09-20T09:11:11.259400
https://salesforce.com,0,legitimate,2025-06-04T09:11:11.259401
https://netflix.com/about,0,legitimate,2025-12-10T09:11:11.259403
https://stripe.com/help,0,legitimate,2025-09-09T09:11:11.259404
https://stackoverflow.com,0,legitimate,2025-06-08T09:11:11.259405
https://oracle.com,0,legitimate,2025-10-01T09:11:11.259407
https://salesforce.com/contact,0,legitimate,2025-07-29T09:11:11.259408
https://google.com/products,0,legitimate,2025-08-25T09:11:11.259409
https://linkedin.com,0,legitimate,2025-06-26T09:11:11.259410
https://spotify.com,0,legitimate,2025-01-27T09:11:11.259412
https://stripe.com,0,legitimate,2025-04-04T09:11:11.259413
https://wikipedia.org/help,0,legitimate,2025-01-26T09:11:11.259414
https://google.com/services,0,legitimate,2024-12-29T09:11:11.259416
https://microsoft.com/products,0,legitimate,2025-10-12T09:11:11.259417
https://amazon.com/,0,legitimate,2025-06-02T09:11:11.259418
https://oracle.com,0,legitimate,2025-06-02T09:11:11.259420
https://reddit.com/,0,legitimate,2025-04-08T09:11:11.259421
https://oracle.com,0,legitimate,2025-11-08T09:11:11.259422
https://microsoft.com,0,legitimate,2025-09-11T09:11:11.259423
https://facebook.com/help,0,legitimate,2025-05-31T09:11:11.259425
https://github.com/about,0,legitimate,2025-08-06T09:11:11.259426
https://oracle.com/products,0,legitimate,2025-05-17T09:11:11.259428
https://oracle.com/,0,legitimate,2025-01-10T09:11:11.259429
https://google.com,0,legitimate,2025-08-17T09:11:11.259430
https://google.com,0,legitimate,2025-01-28T09:11:11.259431
https://stripe.com,0,legitimate,2025-02-15T09:11:11.259432
https://google.com/contact,0,legitimate,2024-12-31T09:11:11.259434
https://wikipedia.org,0,legitimate,2025-03-20T09:11:11.259435
https://apple.com/contact,0,legitimate,2024-12-25T09:11:11.259437
https://facebook.com,0,legitimate,2025-08-06T09:11:11.259438
https://github.com/services,0,legitimate,2025-10-19T09:11:11.259439
https://salesforce.com/help,0,legitimate,2025-03-26T09:11:11.259441
https://spotify.com,0,legitimate,2025-05-03T09:11:11.259442
https://stripe.com,0,legitimate,2025-06-07T09:11:11.259443
https://microsoft.com,0,legitimate,2025-01-17T09:11:11.259444
https://linkedin.com/products,0,legitimate,2025-12-18T09:11:11.259446
https://spotify.com/,0,legitimate,2025-09-04T09:11:11.259447
https://apple.com/about,0,legitimate,2025-11-02T09:11:11.259449
https://spotify.com,0,legitimate,2025-07-02T09:11:11.259450
https://facebook.com/,0,legitimate,2025-02-23T09:11:11.259451
https://netflix.com,0,legitimate,2025-05-27T09:11:11.259453
https://reddit.com/products,0,legitimate,2025-12-05T09:11:11.259454
https://google.com/contact,0,legitimate,2025-10-12T09:11:11.259455
https://linkedin.com/about,0,legitimate,2025-10-03T09:11:11.259457
https://salesforce.com,0,legitimate,2025-07-28T09:11:11.259458
https://facebook.com/services,0,legitimate,2025-09-30T09:11:11.259460
https://stackoverflow.com,0,legitimate,2025-07-25T09:11:11.259461
https://salesforce.com,0,legitimate,2025-10-20T09:11:11.259462
https://amazon.com/,0,legitimate,2025-04-16T09:11:11.259463
https://salesforce.com/services,0,legitimate,2025-02-03T09:11:11.259465
https://salesforce.com,0,legitimate,2025-03-23T09:11:11.259466
https://oracle.com/help,0,legitimate,2025-08-24T09:11:11.259468
https://twitter.com,0,legitimate,2025-04-21T09:11:11.259470
https://stripe.com/products,0,legitimate,2025-09-16T09:11:11.259471
https://apple.com,0,legitimate,2025-01-26T09:11:11.259473
https://adobe.com,0,legitimate,2025-10-22T09:11:11.259474
https://linkedin.com/help,0,legitimate,2025-08-07T09:11:11.259475
https://reddit.com,0,legitimate,2025-07-04T09:11:11.259477
https://salesforce.com/products,0,legitimate,2025-04-28T09:11:11.259478
https://reddit.com,0,legitimate,2025-07-02T09:11:11.259479
https://stripe.com,0,legitimate,2025-12-07T09:11:11.259480
https://google.com/contact,0,legitimate,2025-08-11T09:11:11.259482
https://twitter.com/about,0,legitimate,2025-03-14T09:11:11.259483
https://oracle.com/products,0,legitimate,2025-02-27T09:11:11.259485
https://salesforce.com,0,legitimate,2025-05-08T09:11:11.259486
https://amazon.com/help,0,legitimate,2025-01-10T09:11:11.259487
https://apple.com,0,legitimate,2025-05-18T09:11:11.259488
https://amazon.com,0,legitimate,2025-04-20T09:11:11.259489
https://facebook.com/contact,0,legitimate,2025-08-09T09:11:11.259491
https://microsoft.com/about,0,legitimate,2025-10-04T09:11:11.259492
https://facebook.com/services,0,legitimate,2025-07-29T09:11:11.259494
https://github.com/,0,legitimate,2025-01-19T09:11:11.259495
https://adobe.com/help,0,legitimate,2025-03-19T09:11:11.259496
https://linkedin.com,0,legitimate,2025-07-15T09:11:11.259498
https://google.com,0,legitimate,2025-10-25T09:11:11.259499
https://wikipedia.org/,0,legitimate,2025-12-04T09:11:11.259500
https://paypal.com/services,0,legitimate,2025-01-13T09:11:11.259502
https://stackoverflow.com/,0,legitimate,2025-03-24T09:11:11.259503
https://linkedin.com,0,legitimate,2025-06-02T09:11:11.259504
https://stackoverflow.com/products,0,legitimate,2025-11-24T09:11:11.259506
https://facebook.com/help,0,legitimate,2025-05-01T09:11:11.259507
https://wikipedia.org/contact,0,legitimate,2025-04-18T09:11:11.259508
https://spotify.com,0,legitimate,2025-03-04T09:11:11.259509
https://paypal.com/help,0,legitimate,2025-11-09T09:11:11.259511
https://oracle.com/,0,legitimate,2025-06-09T09:11:11.259512
https://paypal.com/services,0,legitimate,2025-06-07T09:11:11.259514
https://linkedin.com/contact,0,legitimate,2025-06-17T09:11:11.259515
https://apple.com,0,legitimate,2025-06-11T09:11:11.259516
https://facebook.com,0,legitimate,2025-10-26T09:11:11.259517
https://stripe.com/help,0,legitimate,2025-11-10T09:11:11.259519
https://apple.com/products,0,legitimate,2025-04-04T09:11:11.259520
https://netflix.com/products,0,legitimate,2025-11-25T09:11:11.259521
https://adobe.com,0,legitimate,2025-07-08T09:11:11.259523
https://wikipedia.org,0,legitimate,2025-11-05T09:11:11.259524
https://twitter.com,0,legitimate,2025-06-12T09:11:11.259525
https://stripe.com/,0,legitimate,2025-07-29T09:11:11.259527
https://paypal.com/about,0,legitimate,2025-09-07T09:11:11.259528
https://apple.com/contact,0,legitimate,2025-07-11T09:11:11.259530
https://twitter.com/products,0,legitimate,2025-08-29T09:11:11.259531
https://youtube.com,0,legitimate,2025-08-24T09:11:11.259534
https://oracle.com/,0,legitimate,2025-09-22T09:11:11.259535
https://paypal.com,0,legitimate,2025-03-31T09:11:11.259536
https://apple.com,0,legitimate,2025-01-01T09:11:11.259537
https://netflix.com,0,legitimate,2025-08-17T09:11:11.259539
https://stackoverflow.com,0,legitimate,2025-03-03T09:11:11.259540
https://stackoverflow.com/contact,0,legitimate,2025-08-08T09:11:11.259541
https://apple.com/services,0,legitimate,2025-12-19T09:11:11.259543
https://youtube.com,0,legitimate,2025-08-29T09:11:11.259544
https://reddit.com/products,0,legitimate,2025-08-30T09:11:11.259545
https://facebook.com/contact,0,legitimate,2025-08-11T09:11:11.259546
https://twitter.com/products,0,legitimate,2025-08-28T09:11:11.259548
https://netflix.com/contact,0,legitimate,2025-01-08T09:11:11.259551
https://stripe.com,0,legitimate,2025-03-17T09:11:11.259552
https://stripe.com,0,legitimate,2025-03-04T09:11:11.259553
https://amazon.com/,0,legitimate,2025-01-08T09:11:11.259555
https://stripe.com/services,0,legitimate,2025-08-01T09:11:11.259556
https://netflix.com,0,legitimate,2025-10-27T09:11:11.259557
https://github.com,0,legitimate,2025-09-14T09:11:11.259559
https://linkedin.com,0,legitimate,2025-03-23T09:11:11.259560
https://microsoft.com,0,legitimate,2025-09-22T09:11:11.259561
https://salesforce.com,0,legitimate,2025-04-17T09:11:11.259562
https://paypal.com/help,0,legitimate,2025-02-01T09:11:11.259564
https://github.com,0,legitimate,2025-08-02T09:11:11.259565
https://facebook.com/services,0,legitimate,2025-08-28T09:11:11.259566
https://dropbox.com/about,0,legitimate,2025-03-31T09:11:11.259568
https://google.com/products,0,legitimate,2025-10-13T09:11:11.259569
https://stripe.com/about,0,legitimate,2025-05-13T09:11:11.259570
https://stripe.com/contact,0,legitimate,2025-05-14T09:11:11.259572
https://apple.com/products,0,legitimate,2024-12-28T09:11:11.259573
https://microsoft.com,0,legitimate,2025-04-21T09:11:11.259574
https://github.com/products,0,legitimate,2025-05-08T09:11:11.259576
https://dropbox.com,0,legitimate,2025-04-06T09:11:11.259577
https://paypal.com/help,0,legitimate,2025-09-22T09:11:11.259578
https://stackoverflow.com,0,legitimate,2025-08-11T09:11:11.259580
https://google.com,0,legitimate,2025-01-13T09:11:11.259581
https://netflix.com,0,legitimate,2025-05-25T09:11:11.259582
https://salesforce.com/services,0,legitimate,2025-05-25T09:11:11.259583
https://youtube.com/products,0,legitimate,2025-08-23T09:11:11.259585
https://netflix.com/contact,0,legitimate,2025-09-10T09:11:11.259586
https://amazon.com,0,legitimate,2025-02-24T09:11:11.259587
https://linkedin.com,0,legitimate,2025-04-21T09:11:11.259589
https://github.com,0,legitimate,2025-11-30T09:11:11.259590
https://youtube.com,0,legitimate,2025-02-14T09:11:11.259591
https://wikipedia.org/,0,legitimate,2025-03-12T09:11:11.259592
https://amazon.com,0,legitimate,2025-09-22T09:11:11.259594
https://salesforce.com/about,0,legitimate,2025-11-14T09:11:11.259595
https://adobe.com/contact,0,legitimate,2025-01-24T09:11:11.259597
https://github.com/contact,0,legitimate,2025-08-12T09:11:11.259598
https://adobe.com,0,legitimate,2025-05-09T09:11:11.259600
https://apple.com/,0,legitimate,2025-06-25T09:11:11.259601
https://stripe.com/contact,0,legitimate,2024-12-24T09:11:11.259602
https://github.com/services,0,legitimate,2025-06-13T09:11:11.259604
https://youtube.com/products,0,legitimate,2025-05-09T09:11:11.259605
https://github.com/products,0,legitimate,2025-07-31T09:11:11.259606
https://facebook.com/help,0,legitimate,2025-04-09T09:11:11.259608
https://oracle.com,0,legitimate,2025-02-05T09:11:11.259609
https://facebook.com/about,0,legitimate,2025-03-13T09:11:11.259610
https://paypal.com/,0,legitimate,2024-12-31T09:11:11.259611
https://amazon.com/services,0,legitimate,2025-10-16T09:11:11.259613
https://salesforce.com,0,legitimate,2025-12-16T09:11:11.259614
https://adobe.com/about,0,legitimate,2025-12-01T09:11:11.259615
https://youtube.com/services,0,legitimate,2025-11-15T09:11:11.259617
https://facebook.com,0,legitimate,2025-09-01T09:11:11.259618
https://paypal.com/about,0,legitimate,2025-02-19T09:11:11.259619
https://oracle.com,0,legitimate,2025-11-08T09:11:11.259620
https://stackoverflow.com,0,legitimate,2024-12-23T09:11:11.259622
https://oracle.com/services,0,legitimate,2025-01-06T09:11:11.259623
https://youtube.com,0,legitimate,2025-07-23T09:11:11.259624
https://github.com,0,legitimate,2025-03-28T09:11:11.259625
https://stripe.com,0,legitimate,2025-05-22T09:11:11.259627
https://stackoverflow.com/help,0,legitimate,2025-05-07T09:11:11.259628
https://paypal.com/contact,0,legitimate,2025-11-30T09:11:11.259629
https://stripe.com/services,0,legitimate,2025-12-12T09:11:11.259631
https://facebook.com,0,legitimate,2025-09-08T09:11:11.259632
https://adobe.com/help,0,legitimate,2025-08-27T09:11:11.259633
https://google.com/products,0,legitimate,2025-12-03T09:11:11.259634
https://reddit.com/,0,legitimate,2025-04-18T09:11:11.259636
https://github.com/contact,0,legitimate,2025-11-21T09:11:11.259637
https://netflix.com/contact,0,legitimate,2025-07-05T09:11:11.259638
https://stripe.com/about,0,legitimate,2025-11-12T09:11:11.259641
https://oracle.com/help,0,legitimate,2025-05-23T09:11:11.259642
https://salesforce.com/about,0,legitimate,2025-03-07T09:11:11.259643
https://amazon.com/services,0,legitimate,2025-05-03T09:11:11.259645
https://adobe.com,0,legitimate,2025-03-25T09:11:11.259646
https://adobe.com,0,legitimate,2025-11-03T09:11:11.259647
https://salesforce.com/products,0,legitimate,2025-04-11T09:11:11.259648
https://reddit.com/help,0,legitimate,2025-11-18T09:11:11.259650
https://stackoverflow.com,0,legitimate,2025-06-22T09:11:11.259651
https://reddit.com/contact,0,legitimate,2025-01-22T09:11:11.259652
https://youtube.com,0,legitimate,2025-02-20T09:11:11.259653
https://reddit.com/services,0,legitimate,2025-12-13T09:11:11.259655
https://linkedin.com/contact,0,legitimate,2025-08-14T09:11:11.259656
https://netflix.com,0,legitimate,2025-03-06T09:11:11.259657
https://netflix.com,0,legitimate,2025-06-22T09:11:11.259658
https://twitter.com,0,legitimate,2025-01-22T09:11:11.259659
https://amazon.com/help,0,legitimate,2025-10-29T09:11:11.259661
https://stackoverflow.com/help,0,legitimate,2025-11-11T09:11:11.259662
https://reddit.com,0,legitimate,2025-05-03T09:11:11.259663
https://facebook.com,0,legitimate,2025-07-28T09:11:11.259664
https://netflix.com,0,legitimate,2025-08-29T09:11:11.259666
https://microsoft.com/services,0,legitimate,2025-08-01T09:11:11.259667
https://adobe.com,0,legitimate,2025-08-04T09:11:11.259668
https://spotify.com/contact,0,legitimate,2025-06-26T09:11:11.259669
https://github.com,0,legitimate,2025-04-03T09:11:11.259671
https://paypal.com/products,0,legitimate,2025-11-18T09:11:11.259672
https://amazon.com/,0,legitimate,2025-02-12T09:11:11.259673
https://linkedin.com,0,legitimate,2025-09-10T09:11:11.259674
https://amazon.com/contact,0,legitimate,2025-07-28T09:11:11.259676
https://linkedin.com/services,0,legitimate,2025-03-10T09:11:11.259677
https://github.com/about,0,legitimate,2025-01-29T09:11:11.259678
https://netflix.com/services,0,legitimate,2025-01-20T09:11:11.259680
https://spotify.com/help,0,legitimate,2025-10-03T09:11:11.259681
https://facebook.com,0,legitimate,2025-07-07T09:11:11.259682
https://wikipedia.org/about,0,legitimate,2025-10-05T09:11:11.259683
https://paypal.com/services,0,legitimate,2025-07-08T09:11:11.259685
https://youtube.com,0,legitimate,2025-11-08T09:11:11.259686
https://salesforce.com/about,0,legitimate,2025-07-05T09:11:11.259687
https://facebook.com/help,0,legitimate,2025-04-21T09:11:11.259689
https://github.com,0,legitimate,2025-01-14T09:11:11.259690
https://github.com,0,legitimate,2025-09-10T09:11:11.259691
https://paypal.com/products,0,legitimate,2025-07-20T09:11:11.259692
https://paypal.com/services,0,legitimate,2025-01-09T09:11:11.259693
https://reddit.com/about,0,legitimate,2025-08-07T09:11:11.259695
https://amazon.com,0,legitimate,2025-07-02T09:11:11.259696
https://reddit.com/help,0,legitimate,2025-09-12T09:11:11.259697
https://spotify.com,0,legitimate,2025-09-04T09:11:11.259698
https://paypal.com,0,legitimate,2025-04-05T09:11:11.259699
https://dropbox.com,0,legitimate,2025-10-10T09:11:11.259701
https://salesforce.com,0,legitimate,2025-12-08T09:11:11.259702
https://facebook.com/contact,0,legitimate,2025-03-09T09:11:11.259703
https://amazon.com/,0,legitimate,2025-11-29T09:11:11.259705
https://stackoverflow.com/products,0,legitimate,2025-03-20T09:11:11.259706
https://adobe.com,0,legitimate,2025-05-10T09:11:11.259707
https://facebook.com/services,0,legitimate,2025-08-01T09:11:11.259709
https://dropbox.com/contact,0,legitimate,2025-10-20T09:11:11.259710
https://adobe.com/about,0,legitimate,2025-02-22T09:11:11.259711
https://amazon.com/help,0,legitimate,2025-09-04T09:11:11.259713
https://amazon.com/contact,0,legitimate,2025-09-23T09:11:11.259714
https://stripe.com/about,0,legitimate,2025-05-02T09:11:11.259715
https://paypal.com,0,legitimate,2025-11-25T09:11:11.259716
https://apple.com/contact,0,legitimate,2025-10-26T09:11:11.259718
https://oracle.com,0,legitimate,2024-12-30T09:11:11.259719
https://paypal.com,0,legitimate,2025-06-18T09:11:11.259720
https://google.com/help,0,legitimate,2025-09-28T09:11:11.259721
https://apple.com/services,0,legitimate,2025-10-02T09:11:11.259722
https://reddit.com,0,legitimate,2025-10-02T09:11:11.259724
https://dropbox.com/contact,0,legitimate,2025-10-03T09:11:11.259725
https://spotify.com/services,0,legitimate,2025-06-24T09:11:11.259726
https://linkedin.com,0,legitimate,2025-05-28T09:11:11.259728
https://amazon.com/contact,0,legitimate,2024-12-22T09:11:11.259730
https://amazon.com/contact,0,legitimate,2025-10-10T09:11:11.259732
https://google.com,0,legitimate,2025-11-12T09:11:11.259733
https://apple.com/about,0,legitimate,2025-01-19T09:11:11.259734
https://dropbox.com/,0,legitimate,2025-02-05T09:11:11.259736
https://reddit.com/contact,0,legitimate,2025-10-09T09:11:11.259737
https://microsoft.com/,0,legitimate,2025-04-04T09:11:11.259738
https://stripe.com/services,0,legitimate,2025-03-31T09:11:11.259740
https://spotify.com,0,legitimate,2025-04-23T09:11:11.259741
https://salesforce.com/products,0,legitimate,2025-01-15T09:11:11.259742
https://facebook.com/products,0,legitimate,2025-10-05T09:11:11.259744
https://paypal.com,0,legitimate,2025-01-12T09:11:11.259745
https://microsoft.com/products,0,legitimate,2025-03-15T09:11:11.259746
https://salesforce.com,0,legitimate,2025-06-26T09:11:11.259747
https://twitter.com/products,0,legitimate,2025-02-01T09:11:11.259748
https://youtube.com,0,legitimate,2025-10-05T09:11:11.259750
https://dropbox.com/services,0,legitimate,2025-09-09T09:11:11.259751
https://dropbox.com/services,0,legitimate,2025-07-19T09:11:11.259752
https://facebook.com/help,0,legitimate,2025-09-16T09:11:11.259753
https://paypal.com/about,0,legitimate,2025-03-03T09:11:11.259755
https://stripe.com/products,0,legitimate,2025-04-20T09:11:11.259757
https://microsoft.com,0,legitimate,2024-12-24T09:11:11.259758
https://github.com,0,legitimate,2025-08-17T09:11:11.259760
https://twitter.com/services,0,legitimate,2025-04-03T09:11:11.259761
